{
  "Scenario1": 37618.4176666665,
  "Scenario2": -183683.26173333343,
  "Scenario3": -47485.39313333336
}